/*
Created		4/8/2024
Modified		4/15/2024
Project		
Model		
Company		
Author		
Version		
Database		mySQL 5 
*/


drop table IF EXISTS CATALOGO_CURSOS;
drop table IF EXISTS CURSOS;
drop table IF EXISTS CALIFICACIONES;
drop table IF EXISTS MODULOS;
drop table IF EXISTS PROFESORES;
drop table IF EXISTS ALUMNOS;


Create table ALUMNOS (
	CODIGO_ALUMNO Char(7) NOT NULL COMMENT 'ALU-001',
	CONVOCATORIAS_ALUMNO Integer(1) NOT NULL,
	CODIGO_MODULO Char(7) NOT NULL,
	NOMBRE_ALUMNO Varchar(15) NOT NULL,
	APELLIDO1_ALUMNO Varchar(15) NOT NULL,
	APELLIDO2_ALUMNO Varchar(15) NOT NULL,
	FECHA_NACIMIENTO_ALUMNO Date NOT NULL,
 Primary Key (CODIGO_ALUMNO,CONVOCATORIAS_ALUMNO,CODIGO_MODULO)) ENGINE = InnoDB;

Create table PROFESORES (
	CODIGO_PROFESOR Char(7) NOT NULL COMMENT 'INF-001',
	NOMBRE_PROFESOR Varchar(15) NOT NULL,
	APELLIDO1_PROFESOR Varchar(15) NOT NULL,
	APELLIDO2_PROFESOR Varchar(15),
	FECHA_NACIMIENTO_PROFESOR Date NOT NULL,
 Primary Key (CODIGO_PROFESOR)) ENGINE = InnoDB;

Create table MODULOS (
	CODIGO_MODULO Char(7) NOT NULL,
	NOMBRE_MODULO Varchar(10) NOT NULL,
	HORAS_SEMANALES_MODULO Integer(2) NOT NULL,
	ALUMNOS_MATRICULADOS_MODULO Integer(2) NOT NULL,
 Primary Key (CODIGO_MODULO)) ENGINE = InnoDB;

Create table CALIFICACIONES (
	CODIGO_ALUMNO Char(7) NOT NULL,
	CONVOCATORIAS_ALUMNO Integer(1) NOT NULL,
	CODIGO_MODULO Char(7) NOT NULL,
	CODIGO_PROFESOR Char(7) NOT NULL,
	NOTA_1_EVALUACION Integer(2) NOT NULL,
	NOTA_2_EVALUACION Integer(2) NOT NULL,
	NOTA_ORDINARIA Integer(2) NOT NULL,
	NOTA_EXTRAORDINARIA Char(2) NOT NULL,
 Primary Key (CODIGO_ALUMNO,CONVOCATORIAS_ALUMNO,CODIGO_MODULO,CODIGO_PROFESOR)) ENGINE = InnoDB;

Create table CURSOS (
	CODIGO_CURSO Char(7) NOT NULL,
	ANHO_CURSO Date NOT NULL,
	PLAZAS_CURSO Char(2) NOT NULL,
 Primary Key (CODIGO_CURSO,ANHO_CURSO)) ENGINE = InnoDB;

Create table CATALOGO_CURSOS (
	CODIGO_CURSO Char(7) NOT NULL,
	CODIGO_MODULO Char(7) NOT NULL,
 Primary Key (CODIGO_CURSO,CODIGO_MODULO)) ENGINE = InnoDB;

INSERT INTO ALUMNOS (CODIGO_ALUMNO, CONVOCATORIAS_ALUMNO, CODIGO_MODULO, NOMBRE_ALUMNO, APELLIDO1_ALUMNO, APELLIDO2_ALUMNO, FECHA_NACIMIENTO_ALUMNO) VALUES ('ALU-001',2,'MOD-001','Carlos','Hernandez','Herrador','21/12/2002');
INSERT INTO ALUMNOS (CODIGO_ALUMNO, CONVOCATORIAS_ALUMNO, CODIGO_MODULO, NOMBRE_ALUMNO, APELLIDO1_ALUMNO, APELLIDO2_ALUMNO, FECHA_NACIMIENTO_ALUMNO) VALUES ('ALU-002',2,'MOD-006','Carlos','Alonso','Cubillo','01/11/2003');
INSERT INTO ALUMNOS (CODIGO_ALUMNO, CONVOCATORIAS_ALUMNO, CODIGO_MODULO, NOMBRE_ALUMNO, APELLIDO1_ALUMNO, APELLIDO2_ALUMNO, FECHA_NACIMIENTO_ALUMNO) VALUES ('ALU-003',2,'MOD-004','Rodrigo','de Andres','Otero','14/03/1997');
INSERT INTO ALUMNOS (CODIGO_ALUMNO, CONVOCATORIAS_ALUMNO, CODIGO_MODULO, NOMBRE_ALUMNO, APELLIDO1_ALUMNO, APELLIDO2_ALUMNO, FECHA_NACIMIENTO_ALUMNO) VALUES ('ALU-004',2,'MOD-002','Eduardo','Benito','Martinez','01/11/2003');
INSERT INTO ALUMNOS (CODIGO_ALUMNO, CONVOCATORIAS_ALUMNO, CODIGO_MODULO, NOMBRE_ALUMNO, APELLIDO1_ALUMNO, APELLIDO2_ALUMNO, FECHA_NACIMIENTO_ALUMNO) VALUES ('ALU-005',2,'MOD-005','Adrian','Blazquez','Fernandez','09/08/2002');
INSERT INTO ALUMNOS (CODIGO_ALUMNO, CONVOCATORIAS_ALUMNO, CODIGO_MODULO, NOMBRE_ALUMNO, APELLIDO1_ALUMNO, APELLIDO2_ALUMNO, FECHA_NACIMIENTO_ALUMNO) VALUES ('ALU-006',3,'MOD-002','Ismael','Carvajal','Esteban','01/06/2001');
INSERT INTO ALUMNOS (CODIGO_ALUMNO, CONVOCATORIAS_ALUMNO, CODIGO_MODULO, NOMBRE_ALUMNO, APELLIDO1_ALUMNO, APELLIDO2_ALUMNO, FECHA_NACIMIENTO_ALUMNO) VALUES ('ALU-007',3,'MOD-004','Paula','Diaz','Velasco','11/08/1999');
INSERT INTO ALUMNOS (CODIGO_ALUMNO, CONVOCATORIAS_ALUMNO, CODIGO_MODULO, NOMBRE_ALUMNO, APELLIDO1_ALUMNO, APELLIDO2_ALUMNO, FECHA_NACIMIENTO_ALUMNO) VALUES ('ALU-008',3,'MOD-001','Guido','Giovanniello','de Lara','0/08/2002');
INSERT INTO ALUMNOS (CODIGO_ALUMNO, CONVOCATORIAS_ALUMNO, CODIGO_MODULO, NOMBRE_ALUMNO, APELLIDO1_ALUMNO, APELLIDO2_ALUMNO, FECHA_NACIMIENTO_ALUMNO) VALUES ('ALU-009',3,'MOD-006','Alberto','Gonzalez','Lopez','09/08/2002');
INSERT INTO ALUMNOS (CODIGO_ALUMNO, CONVOCATORIAS_ALUMNO, CODIGO_MODULO, NOMBRE_ALUMNO, APELLIDO1_ALUMNO, APELLIDO2_ALUMNO, FECHA_NACIMIENTO_ALUMNO) VALUES ('ALU-010',3,'MOD-002','Victor','Iglesias','Rodriguez','09/08/2002');
INSERT INTO ALUMNOS (CODIGO_ALUMNO, CONVOCATORIAS_ALUMNO, CODIGO_MODULO, NOMBRE_ALUMNO, APELLIDO1_ALUMNO, APELLIDO2_ALUMNO, FECHA_NACIMIENTO_ALUMNO) VALUES ('ALU-011',3,'MOD-004','Max','Laos','Benito','09/08/2002');
INSERT INTO ALUMNOS (CODIGO_ALUMNO, CONVOCATORIAS_ALUMNO, CODIGO_MODULO, NOMBRE_ALUMNO, APELLIDO1_ALUMNO, APELLIDO2_ALUMNO, FECHA_NACIMIENTO_ALUMNO) VALUES ('ALU-012',3,'MOD-006','Mileydi','Limache','Quispe','09/08/2002');
INSERT INTO ALUMNOS (CODIGO_ALUMNO, CONVOCATORIAS_ALUMNO, CODIGO_MODULO, NOMBRE_ALUMNO, APELLIDO1_ALUMNO, APELLIDO2_ALUMNO, FECHA_NACIMIENTO_ALUMNO) VALUES ('ALU-013',3,'MOD-002','Marta','Lopez','Quispe','09/08/2002');
INSERT INTO ALUMNOS (CODIGO_ALUMNO, CONVOCATORIAS_ALUMNO, CODIGO_MODULO, NOMBRE_ALUMNO, APELLIDO1_ALUMNO, APELLIDO2_ALUMNO, FECHA_NACIMIENTO_ALUMNO) VALUES ('ALU-014',3,'MOD-001','Agustin','Marquez','Piña','09/08/2002');
INSERT INTO ALUMNOS (CODIGO_ALUMNO, CONVOCATORIAS_ALUMNO, CODIGO_MODULO, NOMBRE_ALUMNO, APELLIDO1_ALUMNO, APELLIDO2_ALUMNO, FECHA_NACIMIENTO_ALUMNO) VALUES ('ALU-015',3,'MOD-005','Laura','Molina','Asensio','09/08/2002');
INSERT INTO ALUMNOS (CODIGO_ALUMNO, CONVOCATORIAS_ALUMNO, CODIGO_MODULO, NOMBRE_ALUMNO, APELLIDO1_ALUMNO, APELLIDO2_ALUMNO, FECHA_NACIMIENTO_ALUMNO) VALUES ('ALU-016',3,'MOD-002','Enrique','Monreal','Rodriguez','09/08/2002');
INSERT INTO ALUMNOS (CODIGO_ALUMNO, CONVOCATORIAS_ALUMNO, CODIGO_MODULO, NOMBRE_ALUMNO, APELLIDO1_ALUMNO, APELLIDO2_ALUMNO, FECHA_NACIMIENTO_ALUMNO) VALUES ('ALU-017',3,'MOD-003','Aitor','Pascual','Jimenez','09/08/2002');
INSERT INTO ALUMNOS (CODIGO_ALUMNO, CONVOCATORIAS_ALUMNO, CODIGO_MODULO, NOMBRE_ALUMNO, APELLIDO1_ALUMNO, APELLIDO2_ALUMNO, FECHA_NACIMIENTO_ALUMNO) VALUES ('ALU-018',3,'MOD-004','Adrian','Pascual','Nimba','09/08/2002');
INSERT INTO ALUMNOS (CODIGO_ALUMNO, CONVOCATORIAS_ALUMNO, CODIGO_MODULO, NOMBRE_ALUMNO, APELLIDO1_ALUMNO, APELLIDO2_ALUMNO, FECHA_NACIMIENTO_ALUMNO) VALUES ('ALU-019',3,'MOD-002','Roberto','Petrosyan','Iñigo','09/08/2002');
INSERT INTO ALUMNOS (CODIGO_ALUMNO, CONVOCATORIAS_ALUMNO, CODIGO_MODULO, NOMBRE_ALUMNO, APELLIDO1_ALUMNO, APELLIDO2_ALUMNO, FECHA_NACIMIENTO_ALUMNO) VALUES ('ALU-020',3,'MOD-003','Nicolas','Rebato','Gonzalez','09/08/2002');
INSERT INTO ALUMNOS (CODIGO_ALUMNO, CONVOCATORIAS_ALUMNO, CODIGO_MODULO, NOMBRE_ALUMNO, APELLIDO1_ALUMNO, APELLIDO2_ALUMNO, FECHA_NACIMIENTO_ALUMNO) VALUES ('ALU-021',3,'MOD-001','David','Rodrigues','Rotaru','09/08/2002');
INSERT INTO ALUMNOS (CODIGO_ALUMNO, CONVOCATORIAS_ALUMNO, CODIGO_MODULO, NOMBRE_ALUMNO, APELLIDO1_ALUMNO, APELLIDO2_ALUMNO, FECHA_NACIMIENTO_ALUMNO) VALUES ('ALU-022',3,'MOD-005','Almudena','Saez','Ocaña','09/08/2002');
INSERT INTO ALUMNOS (CODIGO_ALUMNO, CONVOCATORIAS_ALUMNO, CODIGO_MODULO, NOMBRE_ALUMNO, APELLIDO1_ALUMNO, APELLIDO2_ALUMNO, FECHA_NACIMIENTO_ALUMNO) VALUES ('ALU-023',3,'MOD-004','Andrew','Salcedo','Olivera','09/08/2002');
INSERT INTO ALUMNOS (CODIGO_ALUMNO, CONVOCATORIAS_ALUMNO, CODIGO_MODULO, NOMBRE_ALUMNO, APELLIDO1_ALUMNO, APELLIDO2_ALUMNO, FECHA_NACIMIENTO_ALUMNO) VALUES ('ALU-024',3,'MOD-004','Rodrigo','Sanchez','Diaz','09/08/2002');
INSERT INTO ALUMNOS (CODIGO_ALUMNO, CONVOCATORIAS_ALUMNO, CODIGO_MODULO, NOMBRE_ALUMNO, APELLIDO1_ALUMNO, APELLIDO2_ALUMNO, FECHA_NACIMIENTO_ALUMNO) VALUES ('ALU-025',3,'MOD-003','Miguel','Villasana','Saume','09/08/2002');

INSERT INTO PROFESORES (CODIGO_PROFESOR, NOMBRE_PROFESOR, APELLIDO1_PROFESOR, APELLIDO2_PROFESOR, FECHA_NACIMIENTO_PROFESOR) VALUES ('INF-001', 'Jaime', 'Martin', '', '1990-01-01');
INSERT INTO PROFESORES (CODIGO_PROFESOR, NOMBRE_PROFESOR, APELLIDO1_PROFESOR, APELLIDO2_PROFESOR, FECHA_NACIMIENTO_PROFESOR) VALUES ('INF-002', 'Luis Alfonso', 'Sanchez', 'Franco', '1999-01-01');
INSERT INTO PROFESORES (CODIGO_PROFESOR, NOMBRE_PROFESOR, APELLIDO1_PROFESOR, APELLIDO2_PROFESOR, FECHA_NACIMIENTO_PROFESOR) VALUES ('INF-003', 'Julia', 'NoMeAcuerdo', 'TampocoMeAcuerdo', '1999-01-01');
INSERT INTO PROFESORES (CODIGO_PROFESOR, NOMBRE_PROFESOR, APELLIDO1_PROFESOR, APELLIDO2_PROFESOR, FECHA_NACIMIENTO_PROFESOR) VALUES ('INF-004', 'Emilio', 'Valencia', 'Alicante', '1999-01-01');
INSERT INTO PROFESORES (CODIGO_PROFESOR, NOMBRE_PROFESOR, APELLIDO1_PROFESOR, APELLIDO2_PROFESOR, FECHA_NACIMIENTO_PROFESOR) VALUES ('INF-005', 'Mercedes', 'Uriol', 'NoMeAcuerdo', '1999-01-01');
INSERT INTO PROFESORES (CODIGO_PROFESOR, NOMBRE_PROFESOR, APELLIDO1_PROFESOR, APELLIDO2_PROFESOR, FECHA_NACIMIENTO_PROFESOR) VALUES ('FOL-001', 'Manuel', 'NoMeAcuerdo', 'NoLoSe', '2001-07-11');

INSERT INTO MODULOS (CODIGO_MODULO, NOMBRE_MODULO, HORAS_SEMANALES_MODULO, ALUMNOS_MATRICULADOS_MODULO) VALUES ('MOD-001', 'Bases de datos', 6, 30);
INSERT INTO MODULOS (CODIGO_MODULO, NOMBRE_MODULO, HORAS_SEMANALES_MODULO, ALUMNOS_MATRICULADOS_MODULO) VALUES ('MOD-002', 'Programacion', 8, 26);
INSERT INTO MODULOS (CODIGO_MODULO, NOMBRE_MODULO, HORAS_SEMANALES_MODULO, ALUMNOS_MATRICULADOS_MODULO) VALUES ('MOD-003', 'Lenguaje de marcas', 4, 30);
INSERT INTO MODULOS (CODIGO_MODULO, NOMBRE_MODULO, HORAS_SEMANALES_MODULO, ALUMNOS_MATRICULADOS_MODULO) VALUES ('MOD-004', 'Sistemas informaticos', 6, 27);
INSERT INTO MODULOS (CODIGO_MODULO, NOMBRE_MODULO, HORAS_SEMANALES_MODULO, ALUMNOS_MATRICULADOS_MODULO) VALUES ('MOD-005', 'Formacion y orientacion laboral', 3, 15);
INSERT INTO MODULOS (CODIGO_MODULO, NOMBRE_MODULO, HORAS_SEMANALES_MODULO, ALUMNOS_MATRICULADOS_MODULO) VALUES ('MOD-006', 'Entornos de desarrollo', 3, 20);

INSERT INTO CALIFICACIONES (CODIGO_ALUMNO, CONVOCATORIAS_ALUMNO, CODIGO_MODULO, CODIGO_PROFESOR, NOTA_1_EVALUACION, NOTA_2_EVALUACION, NOTA_ORDINARIA, NOTA_EXTRAORDINARIA) VALUES ('ALU-001', 3, 'MOD-002', 'INF-004', 8, 6, 4, 9);
INSERT INTO CALIFICACIONES (CODIGO_ALUMNO, CONVOCATORIAS_ALUMNO, CODIGO_MODULO, CODIGO_PROFESOR, NOTA_1_EVALUACION, NOTA_2_EVALUACION, NOTA_ORDINARIA, NOTA_EXTRAORDINARIA) VALUES ('ALU-002', 2, 'MOD-001', 'INF-002', 8, 4, 7, NULL);
INSERT INTO CALIFICACIONES (CODIGO_ALUMNO, CONVOCATORIAS_ALUMNO, CODIGO_MODULO, CODIGO_PROFESOR, NOTA_1_EVALUACION, NOTA_2_EVALUACION, NOTA_ORDINARIA, NOTA_EXTRAORDINARIA) VALUES ('ALU-003', 4, 'MOD-006', 'INF-005', 8, 6, 4, 9);
INSERT INTO CALIFICACIONES (CODIGO_ALUMNO, CONVOCATORIAS_ALUMNO, CODIGO_MODULO, CODIGO_PROFESOR, NOTA_1_EVALUACION, NOTA_2_EVALUACION, NOTA_ORDINARIA, NOTA_EXTRAORDINARIA) VALUES ('ALU-004', 1, 'MOD-004', 'INF-004', 8, 4, 7, NULL);
INSERT INTO CALIFICACIONES (CODIGO_ALUMNO, CONVOCATORIAS_ALUMNO, CODIGO_MODULO, CODIGO_PROFESOR, NOTA_1_EVALUACION, NOTA_2_EVALUACION, NOTA_ORDINARIA, NOTA_EXTRAORDINARIA) VALUES ('ALU-005', 6, 'MOD-003', 'INF-004', 8, 4, 7, NULL);
INSERT INTO CALIFICACIONES (CODIGO_ALUMNO, CONVOCATORIAS_ALUMNO, CODIGO_MODULO, CODIGO_PROFESOR, NOTA_1_EVALUACION, NOTA_2_EVALUACION, NOTA_ORDINARIA, NOTA_EXTRAORDINARIA) VALUES ('ALU-006', 1, 'MOD-005', 'INF-001', 9, 7, 6, NULL);

INSERT INTO CURSOS (CODIGO_CURSO, ANHO_CURSO, PLAZAS_CURSO) VALUES ('DAW-001', '2024', '31');
INSERT INTO CURSOS (CODIGO_CURSO, ANHO_CURSO, PLAZAS_CURSO) VALUES ('DAW-001', '2025', '31');
INSERT INTO CURSOS (CODIGO_CURSO, ANHO_CURSO, PLAZAS_CURSO) VALUES ('DAW-002', '2024', '20');
INSERT INTO CURSOS (CODIGO_CURSO, ANHO_CURSO, PLAZAS_CURSO) VALUES ('DAW-002', '2025', '20');

INSERT INTO CATALOGO_CURSOS (CODIGO_CURSO, CODIGO_MODULO) VALUES ('DAW-001', 'MOD-001');
INSERT INTO CATALOGO_CURSOS (CODIGO_CURSO, CODIGO_MODULO) VALUES ('DAW-001', 'MOD-002');
INSERT INTO CATALOGO_CURSOS (CODIGO_CURSO, CODIGO_MODULO) VALUES ('DAW-001', 'MOD-003');
INSERT INTO CATALOGO_CURSOS (CODIGO_CURSO, CODIGO_MODULO) VALUES ('DAW-001', 'MOD-004');
INSERT INTO CATALOGO_CURSOS (CODIGO_CURSO, CODIGO_MODULO) VALUES ('DAW-001', 'MOD-005');
INSERT INTO CATALOGO_CURSOS (CODIGO_CURSO, CODIGO_MODULO) VALUES ('DAW-001', 'MOD-006');
INSERT INTO CATALOGO_CURSOS (CODIGO_CURSO, CODIGO_MODULO) VALUES ('DAW-002', 'MOD-001');
INSERT INTO CATALOGO_CURSOS (CODIGO_CURSO, CODIGO_MODULO) VALUES ('DAW-002', 'MOD-002');
INSERT INTO CATALOGO_CURSOS (CODIGO_CURSO, CODIGO_MODULO) VALUES ('DAW-002', 'MOD-003');
INSERT INTO CATALOGO_CURSOS (CODIGO_CURSO, CODIGO_MODULO) VALUES ('DAW-002', 'MOD-004');
INSERT INTO CATALOGO_CURSOS (CODIGO_CURSO, CODIGO_MODULO) VALUES ('DAW-002', 'MOD-005');
INSERT INTO CATALOGO_CURSOS (CODIGO_CURSO, CODIGO_MODULO) VALUES ('DAW-002', 'MOD-006');
