/*
Created		4/8/2024
Modified	4/15/2024
Project		BASE DE DATOS PARA CLASES
Company		DAW1
Author 		Carlos Hernandez
Author 		Aitor Pascual
Version 	1.1.1
Database	mySQL 5
*/



DROP DATABASE IF EXISTS DAW_EV3_SCRIPT_CARLOS_HERNANDEZ
CREATE DATABASE DAW_EV3_SCRIPT_CARLOS_HERNANDEZ
USE DAW_EV3_SCRIPT_CARLOS_HERNANDEZ


Create table ALUMNOS (
	CODIGO_ALUMNO Char(7) NOT NULL COMMENT 'ALU-001',
	CONVOCATORIAS_ALUMNO Integer(1) NOT NULL,
	CODIGO_MODULO Char(7) NOT NULL,
	NOMBRE_ALUMNO Varchar(15) NOT NULL,
	APELLIDO1_ALUMNO Varchar(15) NOT NULL,
	APELLIDO2_ALUMNO Varchar(15) NOT NULL,
	FECHA_NACIMIENTO_ALUMNO Date NOT NULL,
 Primary Key (CODIGO_ALUMNO,CONVOCATORIAS_ALUMNO,CODIGO_MODULO)) ENGINE = InnoDB;

Create table PROFESORES (
	CODIGO_PROFESOR Char(7) NOT NULL COMMENT 'INF-001',
	NOMBRE_PROFESOR Varchar(15) NOT NULL,
	APELLIDO1_PROFESOR Varchar(15) NOT NULL,
	APELLIDO2_PROFESOR Varchar(15),
	FECHA_NACIMIENTO_PROFESOR Date NOT NULL,
 Primary Key (CODIGO_PROFESOR)) ENGINE = InnoDB;

Create table MODULOS (
	CODIGO_MODULO Char(7) NOT NULL,
	NOMBRE_MODULO Varchar(10) NOT NULL,
	HORAS_SEMANALES_MODULO Integer(2) NOT NULL,
	ALUMNOS_MATRICULADOS_MODULO Integer(2) NOT NULL,
 Primary Key (CODIGO_MODULO)) ENGINE = InnoDB;

Create table CALIFICACIONES (
	CODIGO_ALUMNO Char(7) NOT NULL,
	CONVOCATORIAS_ALUMNO Integer(1) NOT NULL,
	CODIGO_MODULO Char(7) NOT NULL,
	CODIGO_PROFESOR Char(7) NOT NULL,
	NOTA_1_EVALUACION Integer(2) NOT NULL,
	NOTA_2_EVALUACION Integer(2) NOT NULL,
	NOTA_ORDINARIA Integer(2) NOT NULL,
	NOTA_EXTRAORDINARIA Char(2) NOT NULL,
 Primary Key (CODIGO_ALUMNO,CONVOCATORIAS_ALUMNO,CODIGO_MODULO,CODIGO_PROFESOR)) ENGINE = InnoDB;

Create table CURSOS (
	CODIGO_CURSO Char(7) NOT NULL,
	ANHO_CURSO Date NOT NULL,
	PLAZAS_CURSO Char(2) NOT NULL,
 Primary Key (CODIGO_CURSO,ANHO_CURSO)) ENGINE = InnoDB;

Create table CATALOGO_CURSOS (
	CODIGO_CURSO Char(7) NOT NULL,
	CODIGO_MODULO Char(7) NOT NULL,
 Primary Key (CODIGO_CURSO,CODIGO_MODULO)) ENGINE = InnoDB;

Create table CONVOCATORIAS_ALUMNO (
	CODIGO_ALUMNO Char(7) NOT NULL,
	CONVOCATORIAS_ALUMNO Integer(1) NOT NULL,
	CODIGO_MODULO Char(7) NOT NULL,
 Primary Key (CODIGO_ALUMNO,CODIGO_MODULO)) ENGINE = InnoDB;



INSERT INTO ALUMNOS (CODIGO_ALUMNO, NOMBRE_ALUMNO, APELLIDO1_ALUMNO, APELLIDO2_ALUMNO, FECHA_NACIMIENTO_ALUMNO)
VALUES ('ALU-001','Carlos','Fernandz','Herraor','21/12/2002');
INSERT INTO ALUMNOS (CODIGO_ALUMNO, CONVOCATORIAS_ALUMNO, CODIGO_MODULO, NOMBRE_ALUMNO, APELLIDO1_ALUMNO, APELLIDO2_ALUMNO, FECHA_NACIMIENTO_ALUMNO)
VALUES ('ALU-002','Carlos','Alono','Cubilo','05/07/1999');
INSERT INTO ALUMNOS (CODIGO_ALUMNO, CONVOCATORIAS_ALUMNO, CODIGO_MODULO, NOMBRE_ALUMNO, APELLIDO1_ALUMNO, APELLIDO2_ALUMNO, FECHA_NACIMIENTO_ALUMNO)
VALUES ('ALU-003','Rodrigo','de Andes','Oteo','05/07/1999');
INSERT INTO ALUMNOS (CODIGO_ALUMNO, CONVOCATORIAS_ALUMNO, CODIGO_MODULO, NOMBRE_ALUMNO, APELLIDO1_ALUMNO, APELLIDO2_ALUMNO, FECHA_NACIMIENTO_ALUMNO)
VALUES ('ALU-004','Eduardo','Beito','Mrtinez','23/12/2000');
INSERT INTO ALUMNOS (CODIGO_ALUMNO, CONVOCATORIAS_ALUMNO, CODIGO_MODULO, NOMBRE_ALUMNO, APELLIDO1_ALUMNO, APELLIDO2_ALUMNO, FECHA_NACIMIENTO_ALUMNO)
VALUES ('ALU-005','Adrian','Blazqez','Fernndez','08/05/1998');
INSERT INTO ALUMNOS (CODIGO_ALUMNO, CONVOCATORIAS_ALUMNO, CODIGO_MODULO, NOMBRE_ALUMNO, APELLIDO1_ALUMNO, APELLIDO2_ALUMNO, FECHA_NACIMIENTO_ALUMNO)
VALUES ('ALU-006','Ismael','Carvaal','Eseban','30/08/2004');
INSERT INTO ALUMNOS (CODIGO_ALUMNO, CONVOCATORIAS_ALUMNO, CODIGO_MODULO, NOMBRE_ALUMNO, APELLIDO1_ALUMNO, APELLIDO2_ALUMNO, FECHA_NACIMIENTO_ALUMNO)
VALUES ('ALU-007','Paula','Diz','Veasco','14/02/2001');
INSERT INTO ALUMNOS (CODIGO_ALUMNO, CONVOCATORIAS_ALUMNO, CODIGO_MODULO, NOMBRE_ALUMNO, APELLIDO1_ALUMNO, APELLIDO2_ALUMNO, FECHA_NACIMIENTO_ALUMNO)
VALUES ('ALU-008','Guido','Giovnielo','de Lra','20/10/1997');
INSERT INTO ALUMNOS (CODIGO_ALUMNO, CONVOCATORIAS_ALUMNO, CODIGO_MODULO, NOMBRE_ALUMNO, APELLIDO1_ALUMNO, APELLIDO2_ALUMNO, FECHA_NACIMIENTO_ALUMNO)
VALUES ('ALU-009','Alberto','Gonzalz','Lopz','09/06/2005');
INSERT INTO ALUMNOS (CODIGO_ALUMNO, CONVOCATORIAS_ALUMNO, CODIGO_MODULO, NOMBRE_ALUMNO, APELLIDO1_ALUMNO, APELLIDO2_ALUMNO, FECHA_NACIMIENTO_ALUMNO)
VALUES ('ALU-010','Victor','Iglesis','Rodriez','11/11/2003');
INSERT INTO ALUMNOS (CODIGO_ALUMNO, CONVOCATORIAS_ALUMNO, CODIGO_MODULO, NOMBRE_ALUMNO, APELLIDO1_ALUMNO, APELLIDO2_ALUMNO, FECHA_NACIMIENTO_ALUMNO)
VALUES ('ALU-011','Max','Lao','Bento','03/04/2000');
INSERT INTO ALUMNOS (CODIGO_ALUMNO, CONVOCATORIAS_ALUMNO, CODIGO_MODULO, NOMBRE_ALUMNO, APELLIDO1_ALUMNO, APELLIDO2_ALUMNO, FECHA_NACIMIENTO_ALUMNO)
VALUES ('ALU-012','Mileydi','Limche','Quipe','26/01/1998');
INSERT INTO ALUMNOS (CODIGO_ALUMNO, CONVOCATORIAS_ALUMNO, CODIGO_MODULO, NOMBRE_ALUMNO, APELLIDO1_ALUMNO, APELLIDO2_ALUMNO, FECHA_NACIMIENTO_ALUMNO)
VALUES ('ALU-013','Marta','Lope','bei','17/07/2002');
INSERT INTO ALUMNOS (CODIGO_ALUMNO, CONVOCATORIAS_ALUMNO, CODIGO_MODULO, NOMBRE_ALUMNO, APELLIDO1_ALUMNO, APELLIDO2_ALUMNO, FECHA_NACIMIENTO_ALUMNO)
VALUES ('ALU-014','Agustin','Marez','Pia','19/03/2004');
INSERT INTO ALUMNOS (CODIGO_ALUMNO, CONVOCATORIAS_ALUMNO, CODIGO_MODULO, NOMBRE_ALUMNO, APELLIDO1_ALUMNO, APELLIDO2_ALUMNO, FECHA_NACIMIENTO_ALUMNO)
VALUES ('ALU-015','Laura','Molia','Arsenio','07/08/1999');
INSERT INTO ALUMNOS (CODIGO_ALUMNO, CONVOCATORIAS_ALUMNO, CODIGO_MODULO, NOMBRE_ALUMNO, APELLIDO1_ALUMNO, APELLIDO2_ALUMNO, FECHA_NACIMIENTO_ALUMNO)
VALUES ('ALU-016','Enrique','Montreal','Rodrirtguez','25/12/2001');
INSERT INTO ALUMNOS (CODIGO_ALUMNO, CONVOCATORIAS_ALUMNO, CODIGO_MODULO, NOMBRE_ALUMNO, APELLIDO1_ALUMNO, APELLIDO2_ALUMNO, FECHA_NACIMIENTO_ALUMNO)
VALUES ('ALU-017','Aitor','Pascal','Gimene','15/09/1997');
INSERT INTO ALUMNOS (CODIGO_ALUMNO, CONVOCATORIAS_ALUMNO, CODIGO_MODULO, NOMBRE_ALUMNO, APELLIDO1_ALUMNO, APELLIDO2_ALUMNO, FECHA_NACIMIENTO_ALUMNO)
VALUES ('ALU-018','Adrian','Paschuall','Nimfa','10/05/2002');
INSERT INTO ALUMNOS (CODIGO_ALUMNO, CONVOCATORIAS_ALUMNO, CODIGO_MODULO, NOMBRE_ALUMNO, APELLIDO1_ALUMNO, APELLIDO2_ALUMNO, FECHA_NACIMIENTO_ALUMNO)
VALUES ('ALU-019','Roberto','Petrolean','Irrigo','04/02/2005');
INSERT INTO ALUMNOS (CODIGO_ALUMNO, CONVOCATORIAS_ALUMNO, CODIGO_MODULO, NOMBRE_ALUMNO, APELLIDO1_ALUMNO, APELLIDO2_ALUMNO, FECHA_NACIMIENTO_ALUMNO)
VALUES ('ALU-020','Nicolas','Rebaño','Gontalvez','22/06/1998');
INSERT INTO ALUMNOS (CODIGO_ALUMNO, CONVOCATORIAS_ALUMNO, CODIGO_MODULO, NOMBRE_ALUMNO, APELLIDO1_ALUMNO, APELLIDO2_ALUMNO, FECHA_NACIMIENTO_ALUMNO)
VALUES ('ALU-021','David','Rodriño','Rotacion','13/11/2000');
INSERT INTO ALUMNOS (CODIGO_ALUMNO, CONVOCATORIAS_ALUMNO, CODIGO_MODULO, NOMBRE_ALUMNO, APELLIDO1_ALUMNO, APELLIDO2_ALUMNO, FECHA_NACIMIENTO_ALUMNO)
VALUES ('ALU-022','Almudena','Sainz','Ovino','28/04/2003');
INSERT INTO ALUMNOS (CODIGO_ALUMNO, CONVOCATORIAS_ALUMNO, CODIGO_MODULO, NOMBRE_ALUMNO, APELLIDO1_ALUMNO, APELLIDO2_ALUMNO, FECHA_NACIMIENTO_ALUMNO)
VALUES ('ALU-023','Andrew','Salsita','Olivares','06/10/2004');
INSERT INTO ALUMNOS (CODIGO_ALUMNO, CONVOCATORIAS_ALUMNO, CODIGO_MODULO, NOMBRE_ALUMNO, APELLIDO1_ALUMNO, APELLIDO2_ALUMNO, FECHA_NACIMIENTO_ALUMNO)
VALUES ('ALU-024','Rodrigo','Sandwich','De jamon','16/03/1999');
INSERT INTO ALUMNOS (CODIGO_ALUMNO, CONVOCATORIAS_ALUMNO, CODIGO_MODULO, NOMBRE_ALUMNO, APELLIDO1_ALUMNO, APELLIDO2_ALUMNO, FECHA_NACIMIENTO_ALUMNO)
VALUES ('ALU-025','Miguel','Villanasal','Ahumado','01/07/2001');
INSERT INTO ALUMNOS (CODIGO_ALUMNO, CONVOCATORIAS_ALUMNO, CODIGO_MODULO, NOMBRE_ALUMNO, APELLIDO1_ALUMNO, APELLIDO2_ALUMNO, FECHA_NACIMIENTO_ALUMNO)
VALUES ('ALU-026','Carlos','Alono','Cubilo','05/07/1999');

INSERT INTO PROFESORES (CODIGO_PROFESOR, NOMBRE_PROFESOR, APELLIDO1_PROFESOR, APELLIDO2_PROFESOR, FECHA_NACIMIENTO_PROFESOR)
VALUES ('INF-001', 'Jaime', 'Martinez', 'Soria', '1990-01-01');
INSERT INTO PROFESORES (CODIGO_PROFESOR, NOMBRE_PROFESOR, APELLIDO1_PROFESOR, APELLIDO2_PROFESOR, FECHA_NACIMIENTO_PROFESOR)
VALUES ('INF-002', 'Alfonso', 'Perez', 'Román', '1999-01-01');
INSERT INTO PROFESORES (CODIGO_PROFESOR, NOMBRE_PROFESOR, APELLIDO1_PROFESOR, APELLIDO2_PROFESOR, FECHA_NACIMIENTO_PROFESOR)
VALUES ('INF-003', 'Julia', 'Martin', 'Sanchez', '1999-01-01');
INSERT INTO PROFESORES (CODIGO_PROFESOR, NOMBRE_PROFESOR, APELLIDO1_PROFESOR, APELLIDO2_PROFESOR, FECHA_NACIMIENTO_PROFESOR)
VALUES ('INF-004', 'Emilio', 'Lerida', 'Burgos', '1999-01-01');
INSERT INTO PROFESORES (CODIGO_PROFESOR, NOMBRE_PROFESOR, APELLIDO1_PROFESOR, APELLIDO2_PROFESOR, FECHA_NACIMIENTO_PROFESOR)
VALUES ('INF-005', 'Mercedes', 'Vazquez', 'Vazquez', '1999-01-01');
INSERT INTO PROFESORES (CODIGO_PROFESOR, NOMBRE_PROFESOR, APELLIDO1_PROFESOR, APELLIDO2_PROFESOR, FECHA_NACIMIENTO_PROFESOR)
VALUES ('FOL-001', 'Manuel', 'Trujillo', 'Medialdea', '2001-07-11');


INSERT INTO MODULOS (CODIGO_MODULO, NOMBRE_MODULO, HORAS_SEMANALES_MODULO, ALUMNOS_MATRICULADOS_MODULO)
VALUES ('MOD-001', 'Bases de datos', 6, 30);

INSERT INTO MODULOS (CODIGO_MODULO, NOMBRE_MODULO, HORAS_SEMANALES_MODULO, ALUMNOS_MATRICULADOS_MODULO)
VALUES ('MOD-002', 'Programacion', 8, 26);

INSERT INTO MODULOS (CODIGO_MODULO, NOMBRE_MODULO, HORAS_SEMANALES_MODULO, ALUMNOS_MATRICULADOS_MODULO)
VALUES ('MOD-003', 'Lenguaje de marcas', 4, 30);

INSERT INTO MODULOS (CODIGO_MODULO, NOMBRE_MODULO, HORAS_SEMANALES_MODULO, ALUMNOS_MATRICULADOS_MODULO)
VALUES ('MOD-004', 'Sistemas informaticos', 6, 27);

INSERT INTO MODULOS (CODIGO_MODULO, NOMBRE_MODULO, HORAS_SEMANALES_MODULO, ALUMNOS_MATRICULADOS_MODULO)
VALUES ('MOD-005', 'Formacion y orientacion laboral', 3, 15);

INSERT INTO MODULOS (CODIGO_MODULO, NOMBRE_MODULO, HORAS_SEMANALES_MODULO, ALUMNOS_MATRICULADOS_MODULO)
VALUES ('MOD-006', 'Entornos de desarrollo', 3, 20);


INSERT INTO CALIFICACIONES (CODIGO_ALUMNO, CONVOCATORIAS_ALUMNO, CODIGO_MODULO, CODIGO_PROFESOR, NOTA_1_EVALUACION, NOTA_2_EVALUACION, NOTA_ORDINARIA, NOTA_EXTRAORDINARIA)
VALUES ('ALU-001', 1, 'MOD-001', 'INF-002', 8, 4, NULL, NULL);

INSERT INTO CALIFICACIONES (CODIGO_ALUMNO, CONVOCATORIAS_ALUMNO, CODIGO_MODULO, CODIGO_PROFESOR, NOTA_1_EVALUACION, NOTA_2_EVALUACION, NOTA_ORDINARIA, NOTA_EXTRAORDINARIA)
VALUES ('ALU-002', 1, 'MOD-001', 'INF-002', 7, 4, NULL, NULL);

INSERT INTO CALIFICACIONES (CODIGO_ALUMNO, CONVOCATORIAS_ALUMNO, CODIGO_MODULO, CODIGO_PROFESOR, NOTA_1_EVALUACION, NOTA_2_EVALUACION, NOTA_ORDINARIA, NOTA_EXTRAORDINARIA)
VALUES ('ALU-003', 1, 'MOD-001', 'INF-002', 5, 3, NULL, NULL);

INSERT INTO CALIFICACIONES (CODIGO_ALUMNO, CONVOCATORIAS_ALUMNO, CODIGO_MODULO, CODIGO_PROFESSOR, NOTA_1_EVALUACION, NOTA_2_EVALUACION, NOTA_ORDINARIA, NOTA_EXTRAORDINARIA)
VALUES ('ALU-004', 1, 'MOD-001', 'INF-002', 4, 1, NULL, NULL);

INSERT INTO CALIFICACIONES (CODIGO_ALUMNO, CONVOCATORIAS_ALUMNO, CODIGO_MODULO, CODIGO_PROFESSOR, NOTA_1_EVALUACION, NOTA_2_EVALUACION, NOTA_ORDINARIA, NOTA_EXTRAORDINARIA)
VALUES ('ALU-005', 1, 'MOD-001', 'INF-002', 3, 2, NULL, NULL);

INSERT INTO CALIFICACIONES (CODIGO_ALUMNO, CONVOCATORIAS_ALUMNO, CODIGO_MODULO, CODIGO_PROFESSOR, NOTA_1_EVALUACION, NOTA_2_EVALUACION, NOTA_ORDINARIA, NOTA_EXTRAORDINARIA)
VALUES ('ALU-006', 1, 'MOD-001', 'INF-002', 3, 7, NULL, NULL);

INSERT INTO CALIFICACIONES (CODIGO_ALUMNO, CONVOCATORIAS_ALUMNO, CODIGO_MODULO, CODIGO_PROFESSOR, NOTA_1_EVALUACION, NOTA_2_EVALUACION, NOTA_ORDINARIA, NOTA_EXTRAORDINARIA)
VALUES ('ALU-007', 1, 'MOD-001', 'INF-002', 6, 2, NULL, NULL);

INSERT INTO CALIFICACIONES (CODIGO_ALUMNO, CONVOCATORIAS_ALUMNO, CODIGO_MODULO, CODIGO_PROFESSOR, NOTA_1_EVALUACION, NOTA_2_EVALUACION, NOTA_ORDINARIA, NOTA_EXTRAORDINARIA)
VALUES ('ALU-008', 1, 'MOD-001', 'INF-002', 8, 3, NULL, NULL);

INSERT INTO CALIFICACIONES (CODIGO_ALUMNO, CONVOCATORIAS_ALUMNO, CODIGO_MODULO, CODIGO_PROFESSOR, NOTA_1_EVALUACION, NOTA_2_EVALUACION, NOTA_ORDINARIA, NOTA_EXTRAORDINARIA)
VALUES ('ALU-009', 1, 'MOD-001', 'INF-002', 4, 1, NULL, NULL);

INSERT INTO CALIFICACIONES (CODIGO_ALUMNO, CONVOCATORIAS_ALUMNO, CODIGO_MODULO, CODIGO_PROFESSOR, NOTA_1_EVALUACION, NOTA_2_EVALUACION, NOTA_ORDINARIA, NOTA_EXTRAORDINARIA)
VALUES ('ALU-010', 1, 'MOD-001', 'INF-002', 5, 4, NULL, NULL);

INSERT INTO CALIFICACIONES (CODIGO_ALUMNO, CONVOCATORIAS_ALUMNO, CODIGO_MODULO, CODIGO_PROFESSOR, NOTA_1_EVALUACION, NOTA_2_EVALUACION, NOTA_ORDINARIA, NOTA_EXTRAORDINARIA)
VALUES ('ALU-011', 1, 'MOD-001', 'INF-002', 2, 9, NULL, NULL);

INSERT INTO CALIFICACIONES (CODIGO_ALUMNO, CONVOCATORIAS_ALUMNO, CODIGO_MODULO, CODIGO_PROFESOR, NOTA_1_EVALUACION, NOTA_2_EVALUACION, NOTA_ORDINARIA, NOTA_EXTRAORDINARIA)
VALUES ('ALU-012', 1, 'MOD-001', 'INF-002', 8, 9, NULL, NULL);

INSERT INTO CALIFICACIONES (CODIGO_ALUMNO, CONVOCATORIAS_ALUMNO, CODIGO_MODULO, CODIGO_PROFESSOR, NOTA_1_EVALUACION, NOTA_2_EVALUACION, NOTA_ORDINARIA, NOTA_EXTRAORDINARIA)
VALUES ('ALU-013', 1, 'MOD-001', 'INF-002', 7, 8, NULL, NULL);

INSERT INTO CALIFICACIONES (CODIGO_ALUMNO, CONVOCATORIAS_ALUMNO, CODIGO_MODULO, CODIGO_PROFESSOR, NOTA_1_EVALUACION, NOTA_2_EVALUACION, NOTA_ORDINARIA, NOTA_EXTRAORDINARIA)
VALUES ('ALU-014', 1, 'MOD-001', 'INF-002', 6, 7, NULL, NULL);

INSERT INTO CALIFICACIONES (CODIGO_ALUMNO, CONVOCATORIAS_ALUMNO, CODIGO_MODULO, CODIGO_PROFESSOR, NOTA_1_EVALUACION, NOTA_2_EVALUACION, NOTA_ORDINARIA, NOTA_EXTRAORDINARIA)
VALUES ('ALU-015', 1, 'MOD-001', 'INF-002', 5, 6, NULL, NULL);

INSERT INTO CALIFICACIONES (CODIGO_ALUMNO, CONVOCATORIAS_ALUMNO, CODIGO_MODULO, CODIGO_PROFESSOR, NOTA_1_EVALUACION, NOTA_2_EVALUACION, NOTA_ORDINARIA, NOTA_EXTRAORDINARIA)
VALUES ('ALU-016', 1, 'MOD-001', 'INF-002', 9, 7, NULL, NULL);

INSERT INTO CALIFICACIONES (CODIGO_ALUMNO, CONVOCATORIAS_ALUMNO, CODIGO_MODULO, CODIGO_PROFESSOR, NOTA_1_EVALUACION, NOTA_2_EVALUACION, NOTA_ORDINARIA, NOTA_EXTRAORDINARIA)
VALUES ('ALU-017', 1, 'MOD-001', 'INF-002', 8, 8, NULL, NULL);

INSERT INTO CALIFICACIONES (CODIGO_ALUMNO, CONVOCATORIAS_ALUMNO, CODIGO_MODULO, CODIGO_PROFESSOR, NOTA_1_EVALUACION, NOTA_2_EVALUACION, NOTA_ORDINARIA, NOTA_EXTRAORDINARIA)
VALUES ('ALU-018', 1, 'MOD-001', 'INF-002', 7, 9, NULL, NULL);

INSERT INTO CALIFICACIONES (CODIGO_ALUMNO, CONVOCATORIAS_ALUMNO, CODIGO_MODULO, CODIGO_PROFESSOR, NOTA_1_EVALUACION, NOTA_2_EVALUACION, NOTA_ORDINARIA, NOTA_EXTRAORDINARIA)
VALUES ('ALU-019', 1, 'MOD-001', 'INF-002', 6, 8, NULL, NULL);

INSERT INTO CALIFICACIONES (CODIGO_ALUMNO, CONVOCATORIAS_ALUMNO, CODIGO_MODULO, CODIGO_PROFESSOR, NOTA_1_EVALUACION, NOTA_2_EVALUACION, NOTA_ORDINARIA, NOTA_EXTRAORDINARIA)
VALUES ('ALU-020', 1, 'MOD-001', 'INF-002', 8, 7, NULL, NULL);

INSERT INTO CALIFICACIONES (CODIGO_ALUMNO, CONVOCATORIAS_ALUMNO, CODIGO_MODULO, CODIGO_PROFESSOR, NOTA_1_EVALUACION, NOTA_2_EVALUACION, NOTA_ORDINARIA, NOTA_EXTRAORDINARIA)
VALUES ('ALU-021', 1, 'MOD-001', 'INF-002', 7, 6, NULL, NULL);

INSERT INTO CALIFICACIONES (CODIGO_ALUMNO, CONVOCATORIAS_ALUMNO, CODIGO_MODULO, CODIGO_PROFESSOR, NOTA_1_EVALUACION, NOTA_2_EVALUACION, NOTA_ORDINARIA, NOTA_EXTRAORDINARIA)
VALUES ('ALU-022', 1, 'MOD-001', 'INF-002', 6, 8, NULL, NULL);

INSERT INTO CALIFICACIONES (CODIGO_ALUMNO, CONVOCATORIAS_ALUMNO, CODIGO_MODULO, CODIGO_PROFESSOR, NOTA_1_EVALUACION, NOTA_2_EVALUACION, NOTA_ORDINARIA, NOTA_EXTRAORDINARIA)
VALUES ('ALU-023', 1, 'MOD-001', 'INF-002', 8, 9, NULL, NULL);

INSERT INTO CALIFICACIONES (CODIGO_ALUMNO, CONVOCATORIAS_ALUMNO, CODIGO_MODULO, CODIGO_PROFESSOR, NOTA_1_EVALUACION, NOTA_2_EVALUACION, NOTA_ORDINARIA, NOTA_EXTRAORDINARIA)
VALUES ('ALU-024', 1, 'MOD-001', 'INF-002', 9, 7, NULL, NULL);

INSERT INTO CALIFICACIONES (CODIGO_ALUMNO, CONVOCATORIAS_ALUMNO, CODIGO_MODULO, CODIGO_PROFESSOR, NOTA_1_EVALUACION, NOTA_2_EVALUACION, NOTA_ORDINARIA, NOTA_EXTRAORDINARIA)
VALUES ('ALU-025', 1, 'MOD-001', 'INF-002', 7, 8, NULL, NULL);

INSERT INTO CALIFICACIONES (CODIGO_ALUMNO, CONVOCATORIAS_ALUMNO, CODIGO_MODULO, CODIGO_PROFESOR,
                            NOTA_1_EVALUACION, NOTA_2_EVALUACION, NOTA_ORDINARIA, NOTA_EXTRAORDINARIA)
VALUES ('ALU-001', 1, 'MOD-002', 'INF-001', 9, 7, NULL, NULL);

INSERT INTO CALIFICACIONES (CODIGO_ALUMNO, CONVOCATORIAS_ALUMNO, CODIGO_MODULO, CODIGO_PROFESSOR,
                            NOTA_1_EVALUACION, NOTA_2_EVALUACION, NOTA_ORDINARIA, NOTA_EXTRAORDINARIA)
VALUES ('ALU-002', 1, 'MOD-002', 'INF-001', 7, 8, NULL, NULL);

INSERT INTO CALIFICACIONES (CODIGO_ALUMNO, CONVOCATORIAS_ALUMNO, CODIGO_MODULO, CODIGO_PROFESSOR,
                            NOTA_1_EVALUACION, NOTA_2_EVALUACION, NOTA_ORDINARIA, NOTA_EXTRAORDINARIA)
VALUES ('ALU-003', 1, 'MOD-002', 'INF-001', 8, 6, NULL, NULL);

INSERT INTO CALIFICACIONES (CODIGO_ALUMNO, CONVOCATORIAS_ALUMNO, CODIGO_MODULO, CODIGO_PROFESSOR,
                            NOTA_1_EVALUACION, NOTA_2_EVALUACION, NOTA_ORDINARIA, NOTA_EXTRAORDINARIA)
VALUES ('ALU-004', 1, 'MOD-002', 'INF-001', 6, 9, NULL, NULL);

INSERT INTO CALIFICACIONES (CODIGO_ALUMNO, CONVOCATORIAS_ALUMNO, CODIGO_MODULO, CODIGO_PROFESSOR,
                            NOTA_1_EVALUACION, NOTA_2_EVALUACION, NOTA_ORDINARIA, NOTA_EXTRAORDINARIA)
VALUES ('ALU-005', 1, 'MOD-002', 'INF-001', 9, 8, NULL, NULL);

INSERT INTO CALIFICACIONES (CODIGO_ALUMNO, CONVOCATORIAS_ALUMNO, CODIGO_MODULO, CODIGO_PROFESSOR,
                            NOTA_1_EVALUACION, NOTA_2_EVALUACION, NOTA_ORDINARIA, NOTA_EXTRAORDINARIA)
VALUES ('ALU-006', 1, 'MOD-002', 'INF-001', 8, 7, NULL, NULL);

INSERT INTO CALIFICACIONES (CODIGO_ALUMNO, CONVOCATORIAS_ALUMNO, CODIGO_MODULO, CODIGO_PROFESSOR,
                            NOTA_1_EVALUACION, NOTA_2_EVALUACION, NOTA_ORDINARIA, NOTA_EXTRAORDINARIA)
VALUES ('ALU-007', 1, 'MOD-002', 'INF-001', 7, 6, NULL, NULL);

INSERT INTO CALIFICACIONES (CODIGO_ALUMNO, CONVOCATORIAS_ALUMNO, CODIGO_MODULO, CODIGO_PROFESSOR,
                            NOTA_1_EVALUACION, NOTA_2_EVALUACION, NOTA_ORDINARIA, NOTA_EXTRAORDINARIA)
VALUES ('ALU-008', 1, 'MOD-002', 'INF-001', 6, 5, NULL, NULL);

INSERT INTO CALIFICACIONES (CODIGO_ALUMNO, CONVOCATORIAS_ALUMNO, CODIGO_MODULO, CODIGO_PROFESSOR,
                            NOTA_1_EVALUACION, NOTA_2_EVALUACION, NOTA_ORDINARIA, NOTA_EXTRAORDINARIA)
VALUES ('ALU-009', 1, 'MOD-002', 'INF-001', 5, 9, NULL, NULL);

INSERT INTO CALIFICACIONES (CODIGO_ALUMNO, CONVOCATORIAS_ALUMNO, CODIGO_MODULO, CODIGO_PROFESSOR,
                            NOTA_1_EVALUACION, NOTA_2_EVALUACION, NOTA_ORDINARIA, NOTA_EXTRAORDINARIA)
VALUES ('ALU-010', 1, 'MOD-002', 'INF-001', 9, 6, NULL, NULL);

INSERT INTO CALIFICACIONES (CODIGO_ALUMNO, CONVOCATORIAS_ALUMNO, CODIGO_MODULO, CODIGO_PROFESSOR,
                            NOTA_1_EVALUACION, NOTA_2_EVALUACION, NOTA_ORDINARIA, NOTA_EXTRAORDINARIA)
VALUES ('ALU-011', 1, 'MOD-002', 'INF-001', 6, 8, NULL, NULL);

INSERT INTO CALIFICACIONES (CODIGO_ALUMNO, CONVOCATORIAS_ALUMNO, CODIGO_MODULO, CODIGO_PROFESSOR,
                            NOTA_1_EVALUACION, NOTA_2_EVALUACION, NOTA_ORDINARIA, NOTA_EXTRAORDINARIA)
VALUES ('ALU-012', 1, 'MOD-002', 'INF-001', 8, 7, NULL, NULL);


INSERT INTO CALIFICACIONES (CODIGO_ALUMNO, CONVOCATORIAS_ALUMNO, CODIGO_MODULO, CODIGO_PROFESSOR,
                            NOTA_1_EVALUACION, NOTA_2_EVALUACION, NOTA_ORDINARIA, NOTA_EXTRAORDINARIA)
VALUES ('ALU-013', 1, 'MOD-002', 'INF-001', 7, 8, NULL, NULL);

INSERT INTO CALIFICACIONES (CODIGO_ALUMNO, CONVOCATORIAS_ALUMNO, CODIGO_MODULO, CODIGO_PROFESSOR,
                            NOTA_1_EVALUACION, NOTA_2_EVALUACION, NOTA_ORDINARIA, NOTA_EXTRAORDINARIA)
VALUES ('ALU-014', 1, 'MOD-002', 'INF-001', 6, 7, NULL, NULL);

INSERT INTO CALIFICACIONES (CODIGO_ALUMNO, CONVOCATORIAS_ALUMNO, CODIGO_MODULO, CODIGO_PROFESSOR,
                            NOTA_1_EVALUACION, NOTA_2_EVALUACION, NOTA_ORDINARIA, NOTA_EXTRAORDINARIA)
VALUES ('ALU-015', 1, 'MOD-002', 'INF-001', 5, 6, NULL, NULL);

INSERT INTO CALIFICACIONES (CODIGO_ALUMNO, CONVOCATORIAS_ALUMNO, CODIGO_MODULO, CODIGO_PROFESSOR,
                            NOTA_1_EVALUACION, NOTA_2_EVALUACION, NOTA_ORDINARIA, NOTA_EXTRAORDINARIA)
VALUES ('ALU-016', 1, 'MOD-002', 'INF-001', 4, 5, NULL, NULL);

INSERT INTO CALIFICACIONES (CODIGO_ALUMNO, CONVOCATORIAS_ALUMNO, CODIGO_MODULO, CODIGO_PROFESSOR,
                            NOTA_1_EVALUACION, NOTA_2_EVALUACION, NOTA_ORDINARIA, NOTA_EXTRAORDINARIA)
VALUES ('ALU-017', 1, 'MOD-002', 'INF-001', 3, 4, NULL, NULL);

INSERT INTO CALIFICACIONES (CODIGO_ALUMNO, CONVOCATORIAS_ALUMNO, CODIGO_MODULO, CODIGO_PROFESSOR,
                            NOTA_1_EVALUACION, NOTA_2_EVALUACION, NOTA_ORDINARIA, NOTA_EXTRAORDINARIA)
VALUES ('ALU-018', 1, 'MOD-002', 'INF-001', 2, 3, NULL, NULL);

INSERT INTO CALIFICACIONES (CODIGO_ALUMNO, CONVOCATORIAS_ALUMNO, CODIGO_MODULO, CODIGO_PROFESSOR,
                            NOTA_1_EVALUACION, NOTA_2_EVALUACION, NOTA_ORDINARIA, NOTA_EXTRAORDINARIA)
VALUES ('ALU-019', 1, 'MOD-002', 'INF-001', 1, 2, NULL, NULL);

INSERT INTO CALIFICACIONES (CODIGO_ALUMNO, CONVOCATORIAS_ALUMNO, CODIGO_MODULO, CODIGO_PROFESSOR, NOTA_1_EVALUACION, NOTA_2_EVALUACION, NOTA_ORDINARIA, NOTA_EXTRAORDINARIA)
VALUES ('ALU-020', 1, 'MOD-002', 'INF-001', 8, 9, NULL, NULL);

INSERT INTO CALIFICACIONES (CODIGO_ALUMNO, CONVOCATORIAS_ALUMNO, CODIGO_MODULO, CODIGO_PROFESSOR, NOTA_1_EVALUACION, NOTA_2_EVALUACION, NOTA_ORDINARIA, NOTA_EXTRAORDINARIA)
VALUES ('ALU-021', 1, 'MOD-002', 'INF-001', 7, 8, NULL, NULL);

INSERT INTO CALIFICACIONES (CODIGO_ALUMNO, CONVOCATORIAS_ALUMNO, CODIGO_MODULO, CODIGO_PROFESSOR, NOTA_1_EVALUACION, NOTA_2_EVALUACION, NOTA_ORDINARIA, NOTA_EXTRAORDINARIA)
VALUES ('ALU-022', 1, 'MOD-002', 'INF-001', 6, 7, NULL, NULL);

INSERT INTO CALIFICACIONES (CODIGO_ALUMNO, CONVOCATORIAS_ALUMNO, CODIGO_MODULO, CODIGO_PROFESSOR, NOTA_1_EVALUACION, NOTA_2_EVALUACION, NOTA_ORDINARIA, NOTA_EXTRAORDINARIA)
VALUES ('ALU-023', 1, 'MOD-002', 'INF-001', 5, 6, NULL, NULL);

INSERT INTO CALIFICACIONES (CODIGO_ALUMNO, CONVOCATORIAS_ALUMNO, CODIGO_MODULO, CODIGO_PROFESSOR, NOTA_1_EVALUACION, NOTA_2_EVALUACION, NOTA_ORDINARIA, NOTA_EXTRAORDINARIA)
VALUES ('ALU-024', 1, 'MOD-002', 'INF-001', 4, 5, NULL, NULL);

INSERT INTO CALIFICACIONES (CODIGO_ALUMNO, CONVOCATORIAS_ALUMNO, CODIGO_MODULO, CODIGO_PROFESSOR, NOTA_1_EVALUACION, NOTA_2_EVALUACION, NOTA_ORDINARIA, NOTA_EXTRAORDINARIA)
VALUES ('ALU-025', 1, 'MOD-002', 'INF-001', 7, 8, NULL, NULL);

INSERT INTO CALIFICACIONES (CODIGO_ALUMNO, CONVOCATORIAS_ALUMNO, CODIGO_MODULO, CODIGO_PROFESOR, NOTA_1_EVALUACION, NOTA_2_EVALUACION, NOTA_ORDINARIA, NOTA_EXTRAORDINARIA)
VALUES ('ALU-008', 1, 'MOD-003', 'INF-003', 2, 1, NULL, NULL);

INSERT INTO CALIFICACIONES (CODIGO_ALUMNO, CONVOCATORIAS_ALUMNO, CODIGO_MODULO, CODIGO_PROFESOR, NOTA_1_EVALUACION, NOTA_2_EVALUACION, NOTA_ORDINARIA, NOTA_EXTRAORDINARIA)
VALUES ('ALU-009', 1, 'MOD-003', 'INF-003', 8, 9, NULL, NULL);

INSERT INTO CALIFICACIONES (CODIGO_ALUMNO, CONVOCATORIAS_ALUMNO, CODIGO_MODULO, CODIGO_PROFESOR, NOTA_1_EVALUACION, NOTA_2_EVALUACION, NOTA_ORDINARIA, NOTA_EXTRAORDINARIA)
VALUES ('ALU-010', 1, 'MOD-003', 'INF-003', 7, 8, NULL, NULL);

INSERT INTO CALIFICACIONES (CODIGO_ALUMNO, CONVOCATORIAS_ALUMNO, CODIGO_MODULO, CODIGO_PROFESOR, NOTA_1_EVALUACION, NOTA_2_EVALUACION, NOTA_ORDINARIA, NOTA_EXTRAORDINARIA)
VALUES ('ALU-011', 1, 'MOD-003', 'INF-003', 6, 7, NULL, NULL);

INSERT INTO CALIFICACIONES (CODIGO_ALUMNO, CONVOCATORIAS_ALUMNO, CODIGO_MODULO, CODIGO_PROFESOR, NOTA_1_EVALUACION, NOTA_2_EVALUACION, NOTA_ORDINARIA, NOTA_EXTRAORDINARIA)
VALUES ('ALU-012', 1, 'MOD-003', 'INF-003', 7, 8, NULL, NULL);

INSERT INTO CALIFICACIONES (CODIGO_ALUMNO, CONVOCATORIAS_ALUMNO, CODIGO_MODULO, CODIGO_PROFESOR, NOTA_1_EVALUACION, NOTA_2_EVALUACION, NOTA_ORDINARIA, NOTA_EXTRAORDINARIA)
VALUES ('ALU-013', 1, 'MOD-003', 'INF-003', 8, 9, NULL, NULL);

INSERT INTO CALIFICACIONES (CODIGO_ALUMNO, CONVOCATORIAS_ALUMNO, CODIGO_MODULO, CODIGO_PROFESOR, NOTA_1_EVALUACION, NOTA_2_EVALUACION, NOTA_ORDINARIA, NOTA_EXTRAORDINARIA)
VALUES ('ALU-014', 1, 'MOD-003', 'INF-003', 5, 6, NULL, NULL);

INSERT INTO CALIFICACIONES (CODIGO_ALUMNO, CONVOCATORIAS_ALUMNO, CODIGO_MODULO, CODIGO_PROFESOR, NOTA_1_EVALUACION, NOTA_2_EVALUACION, NOTA_ORDINARIA, NOTA_EXTRAORDINARIA)
VALUES ('ALU-015', 1, 'MOD-003', 'INF-003', 4, 5, NULL, NULL);

INSERT INTO CALIFICACIONES (CODIGO_ALUMNO, CONVOCATORIAS_ALUMNO, CODIGO_MODULO, CODIGO_PROFESOR, NOTA_1_EVALUACION, NOTA_2_EVALUACION, NOTA_ORDINARIA, NOTA_EXTRAORDINARIA)
VALUES ('ALU-016', 1, 'MOD-003', 'INF-003', 6, 7, NULL, NULL);

INSERT INTO CALIFICACIONES (CODIGO_ALUMNO, CONVOCATORIAS_ALUMNO, CODIGO_MODULO, CODIGO_PROFESOR, NOTA_1_EVALUACION, NOTA_2_EVALUACION, NOTA_ORDINARIA, NOTA_EXTRAORDINARIA)
VALUES ('ALU-017', 1, 'MOD-003', 'INF-003', 7, 8, NULL, NULL);

INSERT INTO CALIFICACIONES (CODIGO_ALUMNO, CONVOCATORIAS_ALUMNO, CODIGO_MODULO, CODIGO_PROFESOR, NOTA_1_EVALUACION, NOTA_2_EVALUACION, NOTA_ORDINARIA, NOTA_EXTRAORDINARIA)
VALUES ('ALU-018', 1, 'MOD-003', 'INF-003', 8, 9, NULL, NULL);

INSERT INTO CALIFICACIONES (CODIGO_ALUMNO, CONVOCATORIAS_ALUMNO, CODIGO_MODULO, CODIGO_PROFESOR, NOTA_1_EVALUACION, NOTA_2_EVALUACION, NOTA_ORDINARIA, NOTA_EXTRAORDINARIA)
VALUES ('ALU-019', 1, 'MOD-003', 'INF-003', 9, 8, NULL, NULL);

INSERT INTO CALIFICACIONES (CODIGO_ALUMNO, CONVOCATORIAS_ALUMNO, CODIGO_MODULO, CODIGO_PROFESOR, NOTA_1_EVALUACION, NOTA_2_EVALUACION, NOTA_ORDINARIA, NOTA_EXTRAORDINARIA)
VALUES ('ALU-020', 1, 'MOD-003', 'INF-003', 7, 6, NULL, NULL);

INSERT INTO CALIFICACIONES (CODIGO_ALUMNO, CONVOCATORIAS_ALUMNO, CODIGO_MODULO, CODIGO_PROFESOR, NOTA_1_EVALUACION, NOTA_2_EVALUACION, NOTA_ORDINARIA, NOTA_EXTRAORDINARIA)
VALUES ('ALU-021', 1, 'MOD-003', 'INF-003', 6, 5, NULL, NULL);

INSERT INTO CALIFICACIONES (CODIGO_ALUMNO, CONVOCATORIAS_ALUMNO, CODIGO_MODULO, CODIGO_PROFESOR, NOTA_1_EVALUACION, NOTA_2_EVALUACION, NOTA_ORDINARIA, NOTA_EXTRAORDINARIA)
VALUES ('ALU-022', 1, 'MOD-003', 'INF-003', 5, 4, NULL, NULL);

INSERT INTO CALIFICACIONES (CODIGO_ALUMNO, CONVOCATORIAS_ALUMNO, CODIGO_MODULO, CODIGO_PROFESOR, NOTA_1_EVALUACION, NOTA_2_EVALUACION, NOTA_ORDINARIA, NOTA_EXTRAORDINARIA)
VALUES ('ALU-023', 1, 'MOD-003', 'INF-003', 4, 3, NULL, NULL);

INSERT INTO CALIFICACIONES (CODIGO_ALUMNO, CONVOCATORIAS_ALUMNO, CODIGO_MODULO, CODIGO_PROFESOR, NOTA_1_EVALUACION, NOTA_2_EVALUACION, NOTA_ORDINARIA, NOTA_EXTRAORDINARIA)
VALUES ('ALU-024', 1, 'MOD-003', 'INF-003', 3, 2, NULL, NULL);

INSERT INTO CALIFICACIONES (CODIGO_ALUMNO, CONVOCATORIAS_ALUMNO, CODIGO_MODULO, CODIGO_PROFESOR, NOTA_1_EVALUACION, NOTA_2_EVALUACION, NOTA_ORDINARIA, NOTA_EXTRAORDINARIA)
VALUES ('ALU-025', 1, 'MOD-003', 'INF-003', 2, 1, NULL, NULL);

INSERT INTO CALIFICACIONES (CODIGO_ALUMNO, CONVOCATORIAS_ALUMNO, CODIGO_MODULO, CODIGO_PROFESOR, NOTA_1_EVALUACION, NOTA_2_EVALUACION, NOTA_ORDINARIA, NOTA_EXTRAORDINARIA)
VALUES ('ALU-001', 1, 'MOD-004', 'INF-004', 6, 7, NULL, NULL);

INSERT INTO CALIFICACIONES (CODIGO_ALUMNO, CONVOCATORIAS_ALUMNO, CODIGO_MODULO, CODIGO_PROFESOR, NOTA_1_EVALUACION, NOTA_2_EVALUACION, NOTA_ORDINARIA, NOTA_EXTRAORDINARIA)
VALUES ('ALU-002', 1, 'MOD-004', 'INF-004', 7, 8, NULL, NULL);

INSERT INTO CALIFICACIONES (CODIGO_ALUMNO, CONVOCATORIAS_ALUMNO, CODIGO_MODULO, CODIGO_PROFESOR, NOTA_1_EVALUACION, NOTA_2_EVALUACION, NOTA_ORDINARIA, NOTA_EXTRAORDINARIA)
VALUES ('ALU-003', 1, 'MOD-004', 'INF-004', 8, 9, NULL, NULL);

INSERT INTO CALIFICACIONES (CODIGO_ALUMNO, CONVOCATORIAS_ALUMNO, CODIGO_MODULO, CODIGO_PROFESOR, NOTA_1_EVALUACION, NOTA_2_EVALUACION, NOTA_ORDINARIA, NOTA_EXTRAORDINARIA)
VALUES ('ALU-004', 1, 'MOD-004', 'INF-004', 5, 6, NULL, NULL);

INSERT INTO CALIFICACIONES (CODIGO_ALUMNO, CONVOCATORIAS_ALUMNO, CODIGO_MODULO, CODIGO_PROFESOR, NOTA_1_EVALUACION, NOTA_2_EVALUACION, NOTA_ORDINARIA, NOTA_EXTRAORDINARIA)
VALUES ('ALU-005', 1, 'MOD-004', 'INF-004', 6, 7, NULL, NULL);

INSERT INTO CALIFICACIONES (CODIGO_ALUMNO, CONVOCATORIAS_ALUMNO, CODIGO_MODULO, CODIGO_PROFESOR, NOTA_1_EVALUACION, NOTA_2_EVALUACION, NOTA_ORDINARIA, NOTA_EXTRAORDINARIA)
VALUES ('ALU-006', 1, 'MOD-004', 'INF-004', 7, 8, NULL, NULL);

INSERT INTO CALIFICACIONES (CODIGO_ALUMNO, CONVOCATORIAS_ALUMNO, CODIGO_MODULO, CODIGO_PROFESOR, NOTA_1_EVALUACION, NOTA_2_EVALUACION, NOTA_ORDINARIA, NOTA_EXTRAORDINARIA)
VALUES ('ALU-007', 1, 'MOD-004', 'INF-004', 8, 9, NULL, NULL);

INSERT INTO CALIFICACIONES (CODIGO_ALUMNO, CONVOCATORIAS_ALUMNO, CODIGO_MODULO, CODIGO_PROFESOR, NOTA_1_EVALUACION, NOTA_2_EVALUACION, NOTA_ORDINARIA, NOTA_EXTRAORDINARIA)
VALUES ('ALU-008', 1, 'MOD-004', 'INF-004', 5, 6, NULL, NULL);

INSERT INTO CALIFICACIONES (CODIGO_ALUMNO, CONVOCATORIAS_ALUMNO, CODIGO_MODULO, CODIGO_PROFESOR, NOTA_1_EVALUACION, NOTA_2_EVALUACION, NOTA_ORDINARIA, NOTA_EXTRAORDINARIA)
VALUES ('ALU-009', 1, 'MOD-004', 'INF-004', 6, 7, NULL, NULL);

INSERT INTO CALIFICACIONES (CODIGO_ALUMNO, CONVOCATORIAS_ALUMNO, CODIGO_MODULO, CODIGO_PROFESOR, NOTA_1_EVALUACION, NOTA_2_EVALUACION, NOTA_ORDINARIA, NOTA_EXTRAORDINARIA)
VALUES ('ALU-010', 1, 'MOD-004', 'INF-004', 7, 8, NULL, NULL);

INSERT INTO CALIFICACIONES (CODIGO_ALUMNO, CONVOCATORIAS_ALUMNO, CODIGO_MODULO, CODIGO_PROFESOR, NOTA_1_EVALUACION, NOTA_2_EVALUACION, NOTA_ORDINARIA, NOTA_EXTRAORDINARIA)
VALUES ('ALU-011', 1, 'MOD-004', 'INF-004', 8, 9, NULL, NULL);

INSERT INTO CALIFICACIONES (CODIGO_ALUMNO, CONVOCATORIAS_ALUMNO, CODIGO_MODULO, CODIGO_PROFESOR, NOTA_1_EVALUACION, NOTA_2_EVALUACION, NOTA_ORDINARIA, NOTA_EXTRAORDINARIA)
VALUES ('ALU-012', 1, 'MOD-004', 'INF-004', 5, 6, NULL, NULL);

INSERT INTO CALIFICACIONES (CODIGO_ALUMNO, CONVOCATORIAS_ALUMNO, CODIGO_MODULO, CODIGO_PROFESOR, NOTA_1_EVALUACION, NOTA_2_EVALUACION, NOTA_ORDINARIA, NOTA_EXTRAORDINARIA)
VALUES ('ALU-013', 1, 'MOD-004', 'INF-004', 6, 7, NULL, NULL);

INSERT INTO CALIFICACIONES (CODIGO_ALUMNO, CONVOCATORIAS_ALUMNO, CODIGO_MODULO, CODIGO_PROFESOR, NOTA_1_EVALUACION, NOTA_2_EVALUACION, NOTA_ORDINARIA, NOTA_EXTRAORDINARIA)
VALUES ('ALU-014', 1, 'MOD-004', 'INF-004', 7, 8, NULL, NULL);

INSERT INTO CALIFICACIONES (CODIGO_ALUMNO, CONVOCATORIAS_ALUMNO, CODIGO_MODULO, CODIGO_PROFESOR, NOTA_1_EVALUACION, NOTA_2_EVALUACION, NOTA_ORDINARIA, NOTA_EXTRAORDINARIA)
VALUES ('ALU-015', 1, 'MOD-004', 'INF-004', 8, 9, NULL, NULL);

INSERT INTO CALIFICACIONES (CODIGO_ALUMNO, CONVOCATORIAS_ALUMNO, CODIGO_MODULO, CODIGO_PROFESOR, NOTA_1_EVALUACION, NOTA_2_EVALUACION, NOTA_ORDINARIA, NOTA_EXTRAORDINARIA)
VALUES ('ALU-016', 1, 'MOD-004', 'INF-004', 5, 6, NULL, NULL);

INSERT INTO CALIFICACIONES (CODIGO_ALUMNO, CONVOCATORIAS_ALUMNO, CODIGO_MODULO, CODIGO_PROFESOR, NOTA_1_EVALUACION, NOTA_2_EVALUACION, NOTA_ORDINARIA, NOTA_EXTRAORDINARIA)
VALUES ('ALU-017', 1, 'MOD-004', 'INF-004', 6, 7, NULL, NULL);

INSERT INTO CALIFICACIONES (CODIGO_ALUMNO, CONVOCATORIAS_ALUMNO, CODIGO_MODULO, CODIGO_PROFESOR, NOTA_1_EVALUACION, NOTA_2_EVALUACION, NOTA_ORDINARIA, NOTA_EXTRAORDINARIA)
VALUES ('ALU-018', 1, 'MOD-004', 'INF-004', 7, 8, NULL, NULL);

INSERT INTO CALIFICACIONES (CODIGO_ALUMNO, CONVOCATORIAS_ALUMNO, CODIGO_MODULO, CODIGO_PROFESOR, NOTA_1_EVALUACION, NOTA_2_EVALUACION, NOTA_ORDINARIA, NOTA_EXTRAORDINARIA)
VALUES ('ALU-019', 1, 'MOD-004', 'INF-004', 8, 9, NULL, NULL);

INSERT INTO CALIFICACIONES (CODIGO_ALUMNO, CONVOCATORIAS_ALUMNO, CODIGO_MODULO, CODIGO_PROFESOR, NOTA_1_EVALUACION, NOTA_2_EVALUACION, NOTA_ORDINARIA, NOTA_EXTRAORDINARIA)
VALUES ('ALU-020', 1, 'MOD-004', 'INF-004', 6, 7, NULL, NULL);

INSERT INTO CALIFICACIONES (CODIGO_ALUMNO, CONVOCATORIAS_ALUMNO, CODIGO_MODULO, CODIGO_PROFESOR, NOTA_1_EVALUACION, NOTA_2_EVALUACION, NOTA_ORDINARIA, NOTA_EXTRAORDINARIA)
VALUES ('ALU-021', 1, 'MOD-004', 'INF-004', 7, 8, NULL, NULL);

INSERT INTO CALIFICACIONES (CODIGO_ALUMNO, CONVOCATORIAS_ALUMNO, CODIGO_MODULO, CODIGO_PROFESOR, NOTA_1_EVALUACION, NOTA_2_EVALUACION, NOTA_ORDINARIA, NOTA_EXTRAORDINARIA)
VALUES ('ALU-022', 1, 'MOD-004', 'INF-004', 8, 9, NULL, NULL);

INSERT INTO CALIFICACIONES (CODIGO_ALUMNO, CONVOCATORIAS_ALUMNO, CODIGO_MODULO, CODIGO_PROFESOR, NOTA_1_EVALUACION, NOTA_2_EVALUACION, NOTA_ORDINARIA, NOTA_EXTRAORDINARIA)
VALUES ('ALU-023', 1, 'MOD-004', 'INF-004', 5, 6, NULL, NULL);

INSERT INTO CALIFICACIONES (CODIGO_ALUMNO, CONVOCATORIAS_ALUMNO, CODIGO_MODULO, CODIGO_PROFESOR, NOTA_1_EVALUACION, NOTA_2_EVALUACION, NOTA_ORDINARIA, NOTA_EXTRAORDINARIA)
VALUES ('ALU-024', 1, 'MOD-004', 'INF-004', 6, 7, NULL, NULL);

INSERT INTO CALIFICACIONES (CODIGO_ALUMNO, CONVOCATORIAS_ALUMNO, CODIGO_MODULO, CODIGO_PROFESOR, NOTA_1_EVALUACION, NOTA_2_EVALUACION, NOTA_ORDINARIA, NOTA_EXTRAORDINARIA)
VALUES ('ALU-025', 1, 'MOD-004', 'INF-004', 7, 8, NULL, NULL);



/*MOD-005 ELIMINAR ALUMNOS YA QUE ES FOL*/

INSERT INTO CALIFICACIONES (CODIGO_ALUMNO, CONVOCATORIAS_ALUMNO, CODIGO_MODULO, CODIGO_PROFESOR, NOTA_1_EVALUACION, NOTA_2_EVALUACION, NOTA_ORDINARIA, NOTA_EXTRAORDINARIA)
VALUES ('ALU-001', 1, 'MOD-005', 'FOL-001', 8, 9, NULL, NULL);

INSERT INTO CALIFICACIONES (CODIGO_ALUMNO, CONVOCATORIAS_ALUMNO, CODIGO_MODULO, CODIGO_PROFESOR, NOTA_1_EVALUACION, NOTA_2_EVALUACION, NOTA_ORDINARIA, NOTA_EXTRAORDINARIA)
VALUES ('ALU-002', 1, 'MOD-005', 'FOL-001', 7, 8, NULL, NULL);

INSERT INTO CALIFICACIONES (CODIGO_ALUMNO, CONVOCATORIAS_ALUMNO, CODIGO_MODULO, CODIGO_PROFESOR, NOTA_1_EVALUACION, NOTA_2_EVALUACION, NOTA_ORDINARIA, NOTA_EXTRAORDINARIA)
VALUES ('ALU-003', 1, 'MOD-005', 'FOL-001', 6, 7, NULL, NULL);

INSERT INTO CALIFICACIONES (CODIGO_ALUMNO, CONVOCATORIAS_ALUMNO, CODIGO_MODULO, CODIGO_PROFESOR, NOTA_1_EVALUACION, NOTA_2_EVALUACION, NOTA_ORDINARIA, NOTA_EXTRAORDINARIA)
VALUES ('ALU-004', 1, 'MOD-005', 'FOL-001', 5, 6, NULL, NULL);

INSERT INTO CALIFICACIONES (CODIGO_ALUMNO, CONVOCATORIAS_ALUMNO, CODIGO_MODULO, CODIGO_PROFESOR, NOTA_1_EVALUACION, NOTA_2_EVALUACION, NOTA_ORDINARIA, NOTA_EXTRAORDINARIA)
VALUES ('ALU-005', 1, 'MOD-005', 'FOL-001', 4, 5, NULL, NULL);

INSERT INTO CALIFICACIONES (CODIGO_ALUMNO, CONVOCATORIAS_ALUMNO, CODIGO_MODULO, CODIGO_PROFESOR, NOTA_1_EVALUACION, NOTA_2_EVALUACION, NOTA_ORDINARIA, NOTA_EXTRAORDINARIA)
VALUES ('ALU-006', 1, 'MOD-005', 'FOL-001', 3, 4, NULL, NULL);

INSERT INTO CALIFICACIONES (CODIGO_ALUMNO, CONVOCATORIAS_ALUMNO, CODIGO_MODULO, CODIGO_PROFESOR, NOTA_1_EVALUACION, NOTA_2_EVALUACION, NOTA_ORDINARIA, NOTA_EXTRAORDINARIA)
VALUES ('ALU-007', 1, 'MOD-005', 'FOL-001', 9, 8, NULL, NULL);

INSERT INTO CALIFICACIONES (CODIGO_ALUMNO, CONVOCATORIAS_ALUMNO, CODIGO_MODULO, CODIGO_PROFESOR, NOTA_1_EVALUACION, NOTA_2_EVALUACION, NOTA_ORDINARIA, NOTA_EXTRAORDINARIA)
VALUES ('ALU-008', 1, 'MOD-005', 'FOL-001', 8, 9, NULL, NULL);

INSERT INTO CALIFICACIONES (CODIGO_ALUMNO, CONVOCATORIAS_ALUMNO, CODIGO_MODULO, CODIGO_PROFESOR, NOTA_1_EVALUACION, NOTA_2_EVALUACION, NOTA_ORDINARIA, NOTA_EXTRAORDINARIA)
VALUES ('ALU-009', 1, 'MOD-005', 'FOL-001', 7, 8, NULL, NULL);

INSERT INTO CALIFICACIONES (CODIGO_ALUMNO, CONVOCATORIAS_ALUMNO, CODIGO_MODULO, CODIGO_PROFESOR, NOTA_1_EVALUACION, NOTA_2_EVALUACION, NOTA_ORDINARIA, NOTA_EXTRAORDINARIA)
VALUES ('ALU-010', 1, 'MOD-005', 'FOL-001', 6, 7, NULL, NULL);

INSERT INTO CALIFICACIONES (CODIGO_ALUMNO, CONVOCATORIAS_ALUMNO, CODIGO_MODULO, CODIGO_PROFESOR, NOTA_1_EVALUACION, NOTA_2_EVALUACION, NOTA_ORDINARIA, NOTA_EXTRAORDINARIA)
VALUES ('ALU-011', 1, 'MOD-005', 'FOL-001', 5, 6, NULL, NULL);

INSERT INTO CALIFICACIONES (CODIGO_ALUMNO, CONVOCATORIAS_ALUMNO, CODIGO_MODULO, CODIGO_PROFESOR, NOTA_1_EVALUACION, NOTA_2_EVALUACION, NOTA_ORDINARIA, NOTA_EXTRAORDINARIA)
VALUES ('ALU-012', 1, 'MOD-005', 'FOL-001', 4, 5, NULL, NULL);

INSERT INTO CALIFICACIONES (CODIGO_ALUMNO, CONVOCATORIAS_ALUMNO, CODIGO_MODULO, CODIGO_PROFESOR, NOTA_1_EVALUACION, NOTA_2_EVALUACION, NOTA_ORDINARIA, NOTA_EXTRAORDINARIA)
VALUES ('ALU-013', 1, 'MOD-005', 'FOL-001', 9, 8, NULL, NULL);

INSERT INTO CALIFICACIONES (CODIGO_ALUMNO, CONVOCATORIAS_ALUMNO, CODIGO_MODULO, CODIGO_PROFESOR, NOTA_1_EVALUACION, NOTA_2_EVALUACION, NOTA_ORDINARIA, NOTA_EXTRAORDINARIA)
VALUES ('ALU-014', 1, 'MOD-005', 'FOL-001', 8, 9, NULL, NULL);

INSERT INTO CALIFICACIONES (CODIGO_ALUMNO, CONVOCATORIAS_ALUMNO, CODIGO_MODULO, CODIGO_PROFESOR, NOTA_1_EVALUACION, NOTA_2_EVALUACION, NOTA_ORDINARIA, NOTA_EXTRAORDINARIA)
VALUES ('ALU-015', 1, 'MOD-005', 'FOL-001', 7, 8, NULL, NULL);

INSERT INTO CALIFICACIONES (CODIGO_ALUMNO, CONVOCATORIAS_ALUMNO, CODIGO_MODULO, CODIGO_PROFESOR, NOTA_1_EVALUACION, NOTA_2_EVALUACION, NOTA_ORDINARIA, NOTA_EXTRAORDINARIA)
VALUES ('ALU-016', 1, 'MOD-005', 'FOL-001', 6, 7, NULL, NULL);

INSERT INTO CALIFICACIONES (CODIGO_ALUMNO, CONVOCATORIAS_ALUMNO, CODIGO_MODULO, CODIGO_PROFESOR, NOTA_1_EVALUACION, NOTA_2_EVALUACION, NOTA_ORDINARIA, NOTA_EXTRAORDINARIA)
VALUES ('ALU-017', 1, 'MOD-005', 'FOL-001', 5, 6, NULL, NULL);

INSERT INTO CALIFICACIONES (CODIGO_ALUMNO, CONVOCATORIAS_ALUMNO, CODIGO_MODULO, CODIGO_PROFESOR, NOTA_1_EVALUACION, NOTA_2_EVALUACION, NOTA_ORDINARIA, NOTA_EXTRAORDINARIA)
VALUES ('ALU-018', 1, 'MOD-005', 'FOL-001', 4, 5, NULL, NULL);

INSERT INTO CALIFICACIONES (CODIGO_ALUMNO, CONVOCATORIAS_ALUMNO, CODIGO_MODULO, CODIGO_PROFESOR, NOTA_1_EVALUACION, NOTA_2_EVALUACION, NOTA_ORDINARIA, NOTA_EXTRAORDINARIA)
VALUES ('ALU-019', 1, 'MOD-005', 'FOL-001', 3, 4, NULL, NULL);

INSERT INTO CALIFICACIONES (CODIGO_ALUMNO, CONVOCATORIAS_ALUMNO, CODIGO_MODULO, CODIGO_PROFESOR, NOTA_1_EVALUACION, NOTA_2_EVALUACION, NOTA_ORDINARIA, NOTA_EXTRAORDINARIA)
VALUES ('ALU-020', 1, 'MOD-005', 'FOL-001', 9, 8, NULL, NULL);

INSERT INTO CALIFICACIONES (CODIGO_ALUMNO, CONVOCATORIAS_ALUMNO, CODIGO_MODULO, CODIGO_PROFESOR, NOTA_1_EVALUACION, NOTA_2_EVALUACION, NOTA_ORDINARIA, NOTA_EXTRAORDINARIA)
VALUES ('ALU-021', 1, 'MOD-005', 'FOL-001', 8, 9, NULL, NULL);

INSERT INTO CALIFICACIONES (CODIGO_ALUMNO, CONVOCATORIAS_ALUMNO, CODIGO_MODULO, CODIGO_PROFESOR, NOTA_1_EVALUACION, NOTA_2_EVALUACION, NOTA_ORDINARIA, NOTA_EXTRAORDINARIA)
VALUES ('ALU-022', 1, 'MOD-005', 'FOL-001', 7, 8, NULL, NULL);

INSERT INTO CALIFICACIONES (CODIGO_ALUMNO, CONVOCATORIAS_ALUMNO, CODIGO_MODULO, CODIGO_PROFESOR, NOTA_1_EVALUACION, NOTA_2_EVALUACION, NOTA_ORDINARIA, NOTA_EXTRAORDINARIA)
VALUES ('ALU-023', 1, 'MOD-005', 'FOL-001', 6, 7, NULL, NULL);

INSERT INTO CALIFICACIONES (CODIGO_ALUMNO, CONVOCATORIAS_ALUMNO, CODIGO_MODULO, CODIGO_PROFESOR, NOTA_1_EVALUACION, NOTA_2_EVALUACION, NOTA_ORDINARIA, NOTA_EXTRAORDINARIA)
VALUES ('ALU-024', 1, 'MOD-005', 'FOL-001', 5, 6, NULL, NULL);

INSERT INTO CALIFICACIONES (CODIGO_ALUMNO, CONVOCATORIAS_ALUMNO, CODIGO_MODULO, CODIGO_PROFESOR, NOTA_1_EVALUACION, NOTA_2_EVALUACION, NOTA_ORDINARIA, NOTA_EXTRAORDINARIA)
VALUES ('ALU-025', 1, 'MOD-005', 'FOL-001', 4, 5, NULL, NULL);

INSERT INTO CALIFICACIONES (CODIGO_ALUMNO, CONVOCATORIAS_ALUMNO, CODIGO_MODULO, CODIGO_PROFESOR, NOTA_1_EVALUACION, NOTA_2_EVALUACION, NOTA_ORDINARIA, NOTA_EXTRAORDINARIA)
VALUES
('ALU-001', 1, 'MOD-006', 'INF-005', 8, 9, NULL, NULL),
('ALU-002', 1, 'MOD-006', 'INF-005', 7, 8, NULL, NULL),
('ALU-003', 1, 'MOD-006', 'INF-005', 6, 7, NULL, NULL),
('ALU-004', 1, 'MOD-006', 'INF-005', 5, 6, NULL, NULL),
('ALU-005', 1, 'MOD-006', 'INF-005', 4, 5, NULL, NULL),
('ALU-006', 1, 'MOD-006', 'INF-005', 3, 4, NULL, NULL),
('ALU-007', 1, 'MOD-006', 'INF-005', 9, 8, NULL, NULL),
('ALU-008', 1, 'MOD-006', 'INF-005', 8, 9, NULL, NULL),
('ALU-009', 1, 'MOD-006', 'INF-005', 7, 8, NULL, NULL),
('ALU-010', 1, 'MOD-006', 'INF-005', 6, 7, NULL, NULL),
('ALU-011', 1, 'MOD-006', 'INF-005', 5, 6, NULL, NULL),
('ALU-012', 1, 'MOD-006', 'INF-005', 4, 5, NULL, NULL),
('ALU-013', 1, 'MOD-006', 'INF-005', 3, 4, NULL, NULL),
('ALU-014', 1, 'MOD-006', 'INF-005', 9, 8, NULL, NULL),
('ALU-015', 1, 'MOD-006', 'INF-005', 8, 9, NULL, NULL),
('ALU-016', 1, 'MOD-006', 'INF-005', 7, 8, NULL, NULL),
('ALU-017', 1, 'MOD-006', 'INF-005', 6, 7, NULL, NULL),
('ALU-018', 1, 'MOD-006', 'INF-005', 5, 6, NULL, NULL),
('ALU-019', 1, 'MOD-006', 'INF-005', 4, 5, NULL, NULL),
('ALU-020', 1, 'MOD-006', 'INF-005', 3, 4, NULL, NULL),
('ALU-021', 1, 'MOD-006', 'INF-005', 9, 8, NULL, NULL),
('ALU-022', 1, 'MOD-006', 'INF-005', 8, 9, NULL, NULL),
('ALU-023', 1, 'MOD-006', 'INF-005', 7, 8, NULL, NULL),
('ALU-024', 1, 'MOD-006', 'INF-005', 6, 7, NULL, NULL),
('ALU-025', 1, 'MOD-006', 'INF-005', 5, 6, NULL, NULL);



INSERT INTO CURSOS (CODIGO_CURSO, ANHO_CURSO, PLAZAS_CURSO)
VALUES ('DAW-001', '2024', '31');
INSERT INTO CURSOS (CODIGO_CURSO, ANHO_CURSO, PLAZAS_CURSO)
VALUES ('DAW-001', '2025', '31');
INSERT INTO CURSOS (CODIGO_CURSO, ANHO_CURSO, PLAZAS_CURSO)
VALUES ('DAW-002', '2024', '20');
INSERT INTO CURSOS (CODIGO_CURSO, ANHO_CURSO, PLAZAS_CURSO)
VALUES ('DAW-002', '2025', '20');

INSERT INTO CATALOGO_CURSOS (CODIGO_CURSO, CODIGO_MODULO)
VALUES ('DAW-001', 'MOD-001');
INSERT INTO CATALOGO_CURSOS (CODIGO_CURSO, CODIGO_MODULO)
VALUES ('DAW-001', 'MOD-002');
INSERT INTO CATALOGO_CURSOS (CODIGO_CURSO, CODIGO_MODULO)
VALUES ('DAW-001', 'MOD-003');
INSERT INTO CATALOGO_CURSOS (CODIGO_CURSO, CODIGO_MODULO)
VALUES ('DAW-001', 'MOD-004');
INSERT INTO CATALOGO_CURSOS (CODIGO_CURSO, CODIGO_MODULO)
VALUES ('DAW-001', 'MOD-005');
INSERT INTO CATALOGO_CURSOS (CODIGO_CURSO, CODIGO_MODULO)
VALUES ('DAW-001', 'MOD-006');
INSERT INTO CATALOGO_CURSOS (CODIGO_CURSO, CODIGO_MODULO)
VALUES ('DAW-002', 'MOD-001');
INSERT INTO CATALOGO_CURSOS (CODIGO_CURSO, CODIGO_MODULO)
VALUES ('DAW-002', 'MOD-002');
INSERT INTO CATALOGO_CURSOS (CODIGO_CURSO, CODIGO_MODULO)
VALUES ('DAW-002', 'MOD-003');
INSERT INTO CATALOGO_CURSOS (CODIGO_CURSO, CODIGO_MODULO)
VALUES ('DAW-002', 'MOD-004');
INSERT INTO CATALOGO_CURSOS (CODIGO_CURSO, CODIGO_MODULO)
VALUES ('DAW-002', 'MOD-005');
INSERT INTO CATALOGO_CURSOS (CODIGO_CURSO, CODIGO_MODULO)
VALUES ('DAW-002', 'MOD-006');

ALTER TABLE CALIFICACIONES ADD FOREIGN KEY(CODIGO_ALUMNO,CONVOCATORIAS_ALUMNO,CODIGO_MODULO) REFERENCES ALUMNOS (CODIGO_ALUMNO,CONVOCATORIAS_ALUMNO,CODIGO_MODULO) ON DELETE  RESTRICT ON UPDATE  RESTRICT;
ALTER TABLE CALIFICACIONES ADD FOREIGN KEY(CODIGO_PROFESOR) REFERENCES PROFESORES (CODIGO_PROFESOR) ON DELETE  RESTRICT ON UPDATE  RESTRICT;
ALTER TABLE ALUMNOS ADD FOREIGN KEY(CODIGO_MODULO) REFERENCES MODULOS (CODIGO_MODULO) ON DELETE  RESTRICT ON UPDATE  RESTRICT;
ALTER TABLE CATALOGO_ANHO_QUE_VIENE ADD FOREIGN KEY(CODIGO_MODULO) REFERENCES MODULOS (CODIGO_MODULO) ON DELETE  RESTRICT ON UPDATE  RESTRICT;
ALTER TABLE CATALOGO_ANHO_QUE_VIENE ADD FOREIGN KEY(CODIGO_CURSO) REFERENCES CURSOS (CODIGO_CURSO) ON DELETE  RESTRICT ON UPDATE  RESTRICT;

